id,nombre_Dep,cc_usuarios
1,Financiero,1066746231
1,Financiero,1066749341
1,Financiero,1066746232
1,Financiero,1066746233
2,Recursos Humanos,1066746234
2,Recursos Humanos,1066746235
2,Recursos Humanos,1066746236
2,Recursos Humanos,1066746237
1,Financiero,1066746238
2,Recursos Humanos,1066746239
1,Financiero,1066746242
3,Marketing,1066746243
3,Marketing,1066746244
3,Marketing,1066746245
1,Financiero,1066746246
2,Recursos Humanos,1066746247
1,Financiero,1066746248
2,Recursos Humanos,1066746250
1,Financiero,1066746251
2,Recursos Humanos,1066746252
1,Financiero,1066746253
3,Marketing,1066746254
2,Recursos Humanos,1066746255
2,Recursos Humanos,1066746256
2,Recursos Humanos,1066746257
2,Recursos Humanos,1066746258
2,Recursos Humanos,1066746259
2,Recursos Humanos,1066746260
3,Marketing,1066746261
2,Recursos Humanos,1066746262
2,Recursos Humanos,1066746263
1,Financiero,1066746264
1,Financiero,1066746265
2,Recursos Humanos,1066746266
3,Marketing,1066746267
2,Recursos Humanos,1066746268
3,Marketing,1066746269
1,Financiero,1066746270
2,Recursos Humanos,1066746271
1,Financiero,1066746221
2,Recursos Humanos,1066746273
1,Financiero,1066746272
2,Recursos Humanos,1066746274
1,Financiero,1066746275
1,Financiero,1066746276
1,Financiero,1066746277
1,Financiero,1066746278
1,Financiero,1066746279
